﻿<?xml version="1.0" encoding="utf-8"?>
<config>
	<layer>
		<MapLayer layerName="电子地图" layerType="online_map_dz" mapGroupIndex="0" mapGroupName="天地图" layerIndex="1" layerUrl="" isVisible="false" />
		<MapLayer layerName="影像图" layerType="online_map_yx" mapGroupIndex="0" mapGroupName="天地图" layerIndex="2" layerUrl="" isVisible="false" />
		<MapLayer layerName="卫片影像" layerType="kotile" mapGroupIndex="1" mapGroupName="卫片影像" layerIndex="1" layerUrl="YX.kotiles" isVisible="true" />
		<MapLayer layerName="地类图斑" layerUrl="DLTB.ko" layerIndex="1" mapGroupName="基础数据" mapGroupIndex="2" layerType="local_feature" tableName="KOFDT" isVisible="false"/>
	    <MapLayer layerName="基本农田" layerUrl="JBNT.ko" layerIndex="2" mapGroupName="基础数据" mapGroupIndex="2" layerType="local_feature" tableName="KOFDT" isVisible="false"/>
	    <MapLayer layerName="补充耕地备案" layerUrl="BCGD.ko" layerIndex="3" mapGroupName="基础数据" mapGroupIndex="2" layerType="local_feature" tableName="KOFDT" isVisible="false"/>
	    <MapLayer layerName="建设用地备案" layerUrl="JSYDBA.ko" layerIndex="4" mapGroupName="基础数据" mapGroupIndex="2" layerType="local_feature" tableName="KOFDT" isVisible="false"/>
	    <MapLayer layerName="地类图斑更新层" layerUrl="DLTBGXC.ko" layerIndex="5" mapGroupName="基础数据" mapGroupIndex="2" layerType="local_feature" tableName="KOFDT" isVisible="false"/>
	    <MapLayer layerName="监测图斑" layerUrl="JCTB.ko" layerIndex="6" mapGroupName="基础数据" mapGroupIndex="2" layerType="local_feature" tableName="KOFDT" isVisible="false"/>
	    <MapLayer layerName="行政区" layerUrl="XZQ.ko" layerIndex="7" mapGroupName="基础数据" mapGroupIndex="2" layerType="local_feature" tableName="KOFDT" isVisible="false"/>
	</layer>
</config>